1,202003,10000,18,0.0,20,2.0,10001,29,100.0,31,1.0,10002,32,17.0,34,6406.0,10003,39,100.0,40,6395.0,10004,27,3975.0,25,1.0,10005,25,1.0,43,6040.0,10006,27,3975.0,25,1.0,10007,58,2589.0,25,1.0,10008,27,3975.0,25,1.0,10009,68,25.0,70,6204.0,10010,27,3975.0,25,1.0,10011,96,1.0,27,3975.0,10005,45,2539.0,51,20.0,10012,27,3975.0,25,1.0,10009,73,10.0,72,0.0,10013,99,1.0,27,3975.0,10010,27,3975.0,25,1.0,10011,27,3975.0,96,1.0,10005,43,6040.0,25,1.0,10014,27,3975.0,25,1.0,10015,112,100.0,113,6285.0,10016,115,1.0,116,6130.0,10005,53,6136.0,51,30.0,10010,91,227.0,84,10.0,10011,27,3975.0,96,1.0,10005,53,6136.0,45,234.0,10015,25,1.0,27,3975.0,10010,27,3975.0,25,1.0,10011,96,1.0,27,3975.0,10004,25,1.0,27,3975.0,10005,47,6048.0,27,3975.0,10017,27,3975.0,25,1.0,10009,73,10.0,72,0.0,10015,113,6285.0,25,1.0,10016,125,200.0,121,6030.0,10018,27,3975.0,25,1.0,10019,27,3975.0,25,1.0,10020,151,1.0,27,3975.0,10021,27,3975.0,25,1.0,10022,152,50.0,153,0.0
2,202003,10023,155,3620.0,102,5483.0,10024,158,1.0,159,0.0,10025,27,3975.0,162,100.0,10026,164,1.0,165,25.0,10027,166,3895.0,27,3975.0,10028,169,3468.0,171,1.0,10029,178,4173.0,27,3975.0,10030,206,205.0,27,3975.0,10029,27,3975.0,178,4173.0,10031,27,3975.0,221,1.0,10032,27,3975.0,224,1.0,10033,182,3536.0,225,3534.0,10034,230,1.0,27,3975.0,10035,237,1.0,27,3975.0,10036,182,3536.0,243,80.0,10037,261,1.0,262,195.0,10038,263,1900.0,264,40.0,10036,249,100.0,250,527.0,10039,27,3975.0,222,650.0,10040,278,22.0,268,119.0,10035,27,3975.0,238,3754.0,10041,285,0.0,27,3975.0
3,202003,10000,20,4.0,22,12.0,10042,27,3975.0,25,1.0,10001,31,1.0,27,3975.0,10043,288,3670.0,27,3975.0,10044,25,1.0,27,3975.0,10014,25,1.0,27,3975.0,10009,74,6199.0,25,1.0,10044,27,3975.0,25,1.0,10001,27,3975.0,31,1.0,10045,295,1.0,27,3975.0,10046,297,1.0,27,3975.0,10047,27,3975.0,299,6198.0,10048,25,1.0,27,3975.0,10049,25,1.0,27,3975.0,10050,25,1.0,27,3975.0,10051,27,3975.0,25,1.0,10052,337,282.0,27,3975.0,10053,27,3975.0,25,1.0,10054,25,1.0,341,54.0,10055,27,3975.0,343,5527.0,10056,27,3975.0,350,282.0,10057,27,3975.0,356,150.0,10058,27,3975.0,364,3.0,10005,27,3975.0,25,1.0,10022,27,3975.0,153,0.0,10059,27,3975.0,25,1.0,10045,27,3975.0,295,1.0,10057,358,5247.0,357,1.0,10005,53,6141.0,49,29.0,10012,25,1.0,27,3975.0,10060,379,1.0,380,3110.76,10061,400,6238.0,402,1.0,10062,27,3975.0,25,1.0,10060,27,3975.0,379,1.0,10062,27,3975.0,25,1.0,10009,74,6202.0,76,1.0,10063,410,1.0,0.0,0.0,10060,384,10.0,390,6418.0,10009,72,0.0,70,6205.0,10063,410,1.0,0.0,0.0,10060,382,3111.3,384,10.0,10012,27,3975.0,25,1.0,10005,53,6141.0,45,3201.0,10012,27,3975.0,25,1.0,10060,27,3975.0,388,6416.0,10012,25,1.0,27,3975.0,10005,27,3975.0,25,1.0,10012,27,3975.0,25,1.0,10005,27,3975.0,25,1.0,10012,25,1.0,27,3975.0,10005,27,3975.0,25,1.0,10016,27,3975.0,25,1.0,10062,27,3975.0,25,1.0,10005,51,338.0,49,10.0,10012,27,3975.0,25,1.0,10060,379,1.0,27,3975.0,10061,402,1.0,400,6239.0,10060,388,6416.0,386,0.5,10012,27,3975.0,25,1.0,10064,443,6386.0,445,65.0,10061,403,4.0,27,3975.0,10064,27,3975.0,446,1.0,10044,27,3975.0,25,1.0,10009,72,70.0,70,6205.0,10044,27,3975.0,25,1.0,10064,446,1.0,445,78.0,10016,116,6128.0,118,0.2,10065,25,1.0,27,3975.0,10016,116,6128.0,127,90.0,10066,27,3975.0,25,1.0,10016,127,263.0,27,3975.0,10056,350,114.0,27,3975.0,10016,115,0.6,116,6128.0,10058,27,3975.0,25,1.0,10056,27,3975.0,351,5258.0,10057,358,5247.0,357,1.0,10067,27,3975.0,25,1.0,10005,43,6039.0,25,1.0,10052,337,324.0,27,3975.0,10068,483,1.0,27,3975.0,10016,27,3975.0,25,1.0,10069,27,3975.0,25,1.0,10016,27,3975.0,25,1.0,10067,25,1.0,27,3975.0,10056,27,3975.0,350,190.0,10057,27,3975.0,356,85.0,10070,496,1.0,27,3975.0,10058,27,3975.0,364,3.0,10071,497,6275.0,499,5965.0,10057,357,1.0,358,5247.0,10071,27,3975.0,25,1.0,10057,358,5247.0,357,1.0,10071,27,3975.0,25,1.0,10061,27,3975.0,403,5.0,10071,497,6275.0,505,275.0,10061,400,6238.0,403,5.0,10056,350,150.0,27,3975.0,10059,27,3975.0,25,1.0,10012,27,3975.0,25,1.0,10056,354,5253.0,350,190.0,10009,74,6202.0,25,1.0,10072,27,3975.0,25,1.0,10071,27,3975.0,505,355.0,10012,25,1.0,27,3975.0,10060,382,3331.84,379,1.0,10061,27,3975.0,403,5.0,10060,27,3975.0,388,6416.0,10072,27,3975.0,25,1.0,10061,403,5.0,400,6238.0,10071,27,3975.0,25,1.0,10012,25,1.0,27,3975.0,10060,27,3975.0,388,6416.0,10072,27,3975.0,25,1.0,10065,27,3975.0,25,1.0,10073,535,5947.0,537,5955.0,10061,403,5.0,400,6238.0,10073,535,5947.0,537,5955.0,10058,27,3975.0,25,1.0,10061,400,6238.0,402,1.0,10056,353,1.0,350,380.0,10057,358,5247.0,357,1.0,10067,25,1.0,27,3975.0,10005,47,6049.0,45,550.0,10061,400,6238.0,402,1.0,10057,357,1.0,360,1568.0,10005,27,3975.0,25,1.0,10061,403,5.0,27,3975.0,10005,53,6135.0,27,3975.0,10057,356,65.0,27,3975.0,10005,47,6049.0,45,2502.0,10044,25,1.0,27,3975.0,10009,70,6205.0,68,20.0,10044,25,1.0,27,3975.0,10068,27,3975.0,483,1.0,10009,70,6205.0,68,40.0,10061,402,1.0,400,6238.0,10016,116,6128.0,115,0.3,10061,400,6238.0,402,1.0,10016,115,0.9,116,6128.0,10069,27,3975.0,25,1.0,10016,115,0.5,118,3.2,10067,27,3975.0,25,1.0,10069,27,3975.0,25,1.0,10070,27,3975.0,496,1.0,10056,27,3975.0,350,380.0,10057,27,3975.0,358,5247.0,10061,403,5.0,27,3975.0,10058,27,3975.0,25,1.0,10071,505,42.0,497,6274.0,10061,27,3975.0,403,5.0,10071,504,40.0,505,312.0,10059,25,1.0,27,3975.0,10012,25,1.0,27,3975.0,10074,595,10.0,596,6383.0,10061,403,5.0,27,3975.0,10074,600,0.3,601,0.2,10061,27,3975.0,402,1.0,10074,596,6383.0,603,1.0,10043,102,5483.0,27,3975.0,10009,25,1.0,74,6202.0,10074,604,3124.5,603,1.0,10064,446,1.0,445,66.0,10061,403,5.0,400,6238.0,10064,27,3975.0,446,1.0,10072,25,1.0,27,3975.0,10073,535,5947.0,537,5955.0,10065,27,3975.0,25,1.0,10072,27,3975.0,25,1.0,10073,539,60.0,542,1.0,10061,27,3975.0,403,5.0,10073,535,5947.0,537,5955.0,10056,27,3975.0,350,150.0,10073,535,5947.0,537,5955.0,10058,27,3975.0,25,1.0,10061,400,6238.0,402,1.0,10056,353,1.0,354,5253.0,10057,27,3975.0,356,372.0,10058,27,3975.0,25,1.0,10005,49,52.0,51,52.0,10061,27,3975.0,402,1.0,10005,25,1.0,53,6135.0,10068,483,1.0,27,3975.0,10016,25,1.0,119,6022.0,10061,27,3975.0,400,6238.0,10016,125,1118.0,127,110.0,10069,25,1.0,27,3975.0,10016,115,0.5,118,2.8,10061,27,3975.0,402,1.0,10016,125,3430.0,118,3.4,10058,364,3.0,25,1.0,10069,25,1.0,27,3975.0,10056,350,172.0,353,1.0,10057,360,3500.0,27,3975.0,10066,27,3975.0,25,1.0,10075,654,3466.0,27,3975.0,10058,27,3975.0,364,3.0,10071,503,94.0,501,5974.0,10061,403,5.0,400,6238.0,10071,27,3975.0,25,1.0,10059,25,1.0,27,3975.0,10073,535,5947.0,537,5955.0,10012,27,3975.0,25,1.0,10074,595,10.0,596,6383.0,10009,27,3975.0,25,1.0,10074,604,3125.15,602,3121.0,10072,27,3975.0,25,1.0,10073,537,5955.0,535,5947.0,10012,27,3975.0,25,1.0,10062,25,1.0,27,3975.0,10071,25,1.0,499,5966.0,10074,603,1.0,604,3125.35,10072,25,1.0,27,3975.0,10073,546,1.01,547,0.1,10076,27,3975.0,679,9.0,10071,27,3975.0,499,5965.0,10012,27,3975.0,25,1.0,10074,596,6383.0,595,10.0,10072,25,1.0,27,3975.0,10073,542,0.1,544,6269.0,10062,25,1.0,27,3975.0,10071,25,1.0,497,6274.0,10012,25,1.0,27,3975.0,10009,25,1.0,68,9.0,10074,596,6383.0,595,10.0,10072,27,3975.0,25,1.0,10065,27,3975.0,25,1.0,10073,539,60.0,537,5955.0,10061,403,5.0,27,3975.0,10073,542,1.1,535,5947.0,10061,402,1.0,403,5.0,10073,535,5947.0,546,1.01,10058,364,3.0,27,3975.0,10071,25,1.0,505,80.0,10061,402,1.0,27,3975.0,10071,501,5974.0,504,40.0,10059,27,3975.0,25,1.0,10012,27,3975.0,25,1.0,10009,74,6202.0,25,1.0,10074,595,10.0,600,0.5,10070,27,3975.0,496,1.0,10072,27,3975.0,25,1.0,10065,25,1.0,27,3975.0,10077,27,3975.0,25,1.0,10073,537,5955.0,540,6267.0,10061,403,5.0,400,6238.0,10073,540,6267.0,548,189.0,10078,27,3975.0,25,1.0,10073,539,92.0,542,3.5,10058,27,3975.0,364,3.0,10071,27,3975.0,25,1.0,10061,27,3975.0,403,5.0,10071,25,1.0,499,5965.0,10061,402,1.0,400,6238.0,10071,505,300.0,497,6274.0,10059,27,3975.0,25,1.0,10012,27,3975.0,25,1.0,10062,25,1.0,27,3975.0,10074,595,10.0,596,6383.0,10009,73,10.0,72,10.0,10022,154,1.0,152,100.0
3,202003,10079,713,4932.0,715,1.0,10080,159,450.0,160,450.0,10079,713,4932.0,715,1.0,10081,722,1.0,723,4905.0,10082,727,4450.0,713,4932.0,10079,715,1.0,713,4932.0,10083,730,1.0,731,5067.0,10079,713,4932.0,715,1.0,10084,285,0.0,733,4792.0
3,202003,10000,27,3975.0,25,1.0,10085,737,3699.0,27,3975.0,10086,740,40.0,741,1.0,10063,27,3975.0,25,1.0,10087,27,3975.0,751,1.0,10086,741,1.0,744,0.0,10062,25,1.0,27,3975.0,10009,79,1.0,68,1.0,10086,745,0.0,740,0.0,10047,27,3975.0,299,6198.0,10088,759,1.0,27,3975.0,10049,25,1.0,27,3975.0,10050,27,3975.0,303,6234.0,10089,760,36.5,762,1.0,10013,100,3566.0,99,1.0,10017,146,5365.0,25,1.0,10009,73,40.0,76,1.0,10016,118,0.4,115,0.4,10056,353,1.0,354,5254.0,10016,116,6128.0,127,255.0,10090,27,3975.0,25,1.0,10003,42,1.0,39,100.0,10013,99,1.0,102,5484.0,10056,353,1.0,351,5257.0,10057,358,5247.0,357,1.0,10042,27,3975.0,27,3975.0,10091,784,5567.0,786,1.0,10092,787,6014.0,789,60.0,10093,801,1.0,102,5483.0,10001,31,1.0,29,100.0,10092,792,6147.0,791,100.0,10094,810,40.0,25,1.0,10022,154,1.0,27,3975.0
4,202003,10095,27,3975.0,25,1.0,10000,24,0.5,22,0.5,10017,27,3975.0,146,5365.0,10009,27,3975.0,25,1.0,10096,27,3975.0,25,1.0,10063,410,1.0,0.0,0.0,10000,27,3975.0,25,1.0,10097,27,3975.0,816,1.0,10098,0.0,0.0,0.0,0.0,10001,27,3975.0,29,60.0,10045,27,3975.0,295,1.0,10046,27,3975.0,297,1.0,10099,27,3975.0,25,1.0,10066,27,3975.0,25,1.0,10001,27,3975.0,29,100.0,10047,27,3975.0,301,1.0,10002,27,3975.0,32,30.0,10049,27,3975.0,25,1.0,10050,302,60.0,25,1.0,10100,27,3975.0,25,1.0,10016,119,6022.0,118,0.2,10052,27,3975.0,338,1.0,10091,784,5567.0,786,1.0,10092,791,100.0,790,10.0,10006,25,1.0,27,3975.0,10101,27,3975.0,828,1.0,10092,789,40.0,790,50.0,10014,27,3975.0,25,1.0,10007,59,6108.0,63,1410.0,10092,796,1997.0,794,6010.0,10102,25,1.0,27,3975.0,10052,337,307.0,27,3975.0,10103,843,2925.0,25,1.0,10104,27,3975.0,845,1.0,10105,27,3975.0,25,1.0,10094,814,14.0,25,1.0,10106,25,1.0,27,3975.0,10107,847,28.0,27,3975.0,10022,27,3975.0,152,20.0,10006,25,1.0,27,3975.0,10007,25,1.0,27,3975.0,10108,27,3975.0,25,1.0,10109,850,2.0,27,3975.0,10110,27,3975.0,852,2.0,10111,27,3975.0,25,1.0,10112,27,3975.0,854,1.0,10022,27,3975.0,152,100.0
2,202003,10024,158,1.0,160,2.0,10026,27,3975.0,164,1.0,10027,27,3975.0,168,1.0,10028,174,3471.0,173,0.0,10113,857,1.0,27,3975.0,10043,27,3975.0,288,3669.0,10114,859,1.0,27,3975.0,10115,866,0.0,268,119.0,10113,857,1.0,27,3975.0,10028,27,3975.0,172,28.3,10093,27,3975.0,801,1.0,10028,171,1.0,27,3975.0,10029,180,356.0,186,1.0,10116,884,4367.0,886,1.0,10032,224,1.0,27,3975.0,10117,888,3722.0,890,310.0,10118,233,30.0,894,139.0,10075,656,1.0,27,3975.0,10118,894,138.0,233,65.0,10119,912,100.0,913,294.0,10113,27,3975.0,857,1.0,10043,290,1.0,27,3975.0,10114,861,379.0,863,117.0,10115,192,2.0,865,2.0,10113,857,1.0,27,3975.0,10120,193,1.0,921,5127.0,10035,27,3975.0,238,3754.0,10117,190,123.0,888,3722.0,10118,899,1.0,900,4138.0,10121,27,3975.0,937,1.0,10041,285,0.0,27,3975.0
2,202003,10095,27,3975.0,25,1.0,10000,18,0.0,20,6.0,10042,25,1.0,27,3975.0,10086,27,3975.0,741,1.0,10062,25,1.0,27,3975.0,10009,70,6204.0,68,17.0,10063,410,1.0,0.0,0.0,10009,72,0.0,70,6204.0,10086,740,1.0,745,0.0,10001,29,30.0,31,1.0,10047,299,6198.0,301,1.0,10048,27,3975.0,25,1.0,10051,25,1.0,305,5985.0,10104,846,50.0,845,1.0,10051,307,162.0,305,5985.0,10052,337,165.0,27,3975.0,10053,25,1.0,27,3975.0,10055,27,3975.0,343,5527.0,10005,43,6041.0,45,100.0,10122,27,3975.0,25,1.0,10050,27,3975.0,25,1.0,10123,27,3975.0,25,1.0,10016,119,6023.0,25,1.0,10091,784,5567.0,786,1.0,10092,791,100.0,792,6147.0,10052,27,3975.0,337,330.0,10124,27,3975.0,953,330.0,10102,27,3975.0,25,1.0,10103,27,3975.0,844,165.0,10094,27,3975.0,25,1.0,10022,27,3975.0,153,0.0
5,202004,10125,736,40.0,956,4819.0,10126,959,4810.0,736,70.0,10127,962,4828.0,964,1.0,10128,965,66.0,966,150.0,10129,964,1.0,976,1.0,10130,969,24.8,268,119.0,10131,736,20.0,985,4873.0,10132,988,1.0,989,4882.0
6,202004,10133,27,3975.0,991,0.0,10009,77,1.02,79,8.0,10001,27,3975.0,31,1.0,10134,993,1.0,994,4.0,10047,27,3975.0,299,6198.0,10002,27,3975.0,32,21.5,10016,116,6128.0,127,1.0,10135,998,3706.0,102,5483.0,10016,121,6030.0,125,19.0,10061,27,3975.0,402,1.0,10016,125,29.0,27,3975.0,10061,403,5.0,27,3975.0,10056,351,5257.0,353,1.0,10057,27,3975.0,357,1.0,10004,25,1.0,27,3975.0,10005,45,640.0,47,6049.0,10061,402,1.0,400,6238.0,10136,1004,6325.0,27,3975.0,10061,400,6238.0,403,5.0,10136,1008,1.0,1010,6330.0,10073,548,700.0,540,6268.0,10061,402,1.0,400,6238.0,10137,25,1.0,27,3975.0,10004,25,1.0,27,3975.0,10071,497,6275.0,499,5966.0,10012,27,3975.0,25,1.0,10073,547,0.3,542,0.3,10005,27,3975.0,25,1.0,10016,27,3975.0,25,1.0,10061,402,1.0,400,6238.0,10138,27,3975.0,1015,3570.0,10056,27,3975.0,350,200.0,10057,358,5247.0,360,950.0,10071,27,3975.0,25,1.0,10139,27,3975.0,25,1.0,10061,27,3975.0,402,1.0,10139,27,3975.0,25,1.0,10140,27,3975.0,1022,20.0,10061,400,6238.0,402,1.0,10140,27,3975.0,1023,1.0,10061,400,6238.0,27,3975.0,10141,27,3975.0,25,1.0,10073,546,1.02,544,6269.0,10061,403,5.0,402,1.0,10056,351,5258.0,27,3975.0,10057,357,1.0,27,3975.0,10005,45,820.0,43,6040.0,10142,1041,4.0,1042,1.1,10016,115,0.1,118,0.1,10011,96,1.0,27,3975.0,10005,43,6040.0,53,6141.0,10142,25,1.0,1042,1.1,10011,27,3975.0,96,1.0,10005,47,6049.0,45,725.0,10016,118,0.3,115,0.3,10056,354,5253.0,350,100.0,10057,27,3975.0,356,50.0,10005,43,6040.0,25,1.0,10105,25,1.0,27,3975.0,10107,847,5.5,27,3975.0,10022,153,0.0,27,3975.0
7,202004,10095,27,3975.0,25,1.0,10097,27,3975.0,25,1.0,10001,27,3975.0,31,1.0,10100,993,1.0,994,4.0,10001,29,100.0,31,1.0,10047,301,1.0,27,3975.0,10049,27,3975.0,25,1.0,10050,27,3975.0,302,90.0,10087,27,3975.0,751,1.0,10057,358,5247.0,360,3300.0,10005,53,6141.0,51,10.0,10050,27,3975.0,25,1.0,10005,27,3975.0,25,1.0,10052,27,3975.0,27,3975.0,10012,27,3975.0,25,1.0,10009,25,1.0,74,6199.0,10016,121,6030.0,119,6022.0,10143,1064,3548.0,27,3975.0,10016,121,6030.0,118,2.4,10144,1068,1.0,27,3975.0,10087,27,3975.0,751,1.0,10145,25,1.0,27,3975.0,10105,25,1.0,27,3975.0,10019,27,3975.0,25,1.0,10049,25,1.0,27,3975.0,10050,303,6234.0,302,90.0,10145,25,1.0,27,3975.0,10005,53,6141.0,51,85.0,10087,751,1.0,27,3975.0,10105,25,1.0,27,3975.0,10107,848,17.0,847,27.0,10087,751,1.0,27,3975.0,10122,27,3975.0,25,1.0,10087,27,3975.0,751,1.0,10063,410,1.0,0.0,0.0,10087,27,3975.0,751,1.0,10063,410,1.0,0.0,0.0,10087,751,1.0,27,3975.0,10063,410,1.0,0.0,0.0,10087,751,1.0,27,3975.0,10017,146,5365.0,25,1.0,10009,70,6205.0,68,10.0,10096,25,1.0,27,3975.0,10123,25,1.0,27,3975.0,10049,25,1.0,27,3975.0,10146,25,1.0,27,3975.0,10016,27,3975.0,25,1.0,10062,27,3975.0,25,1.0,10009,27,3975.0,76,2.0,10096,25,1.0,27,3975.0,10016,25,1.0,119,6022.0,10090,27,3975.0,25,1.0,10122,25,1.0,27,3975.0,10147,27,3975.0,1083,90.0,10123,25,1.0,27,3975.0,10016,27,3975.0,25,1.0,10087,27,3975.0,751,1.0,10148,25,1.0,27,3975.0,10138,27,3975.0,1015,3572.0,10056,350,360.0,351,5257.0,10057,360,2300.0,27,3975.0,10148,27,3975.0,25,1.0,10071,505,25.0,504,25.0,10059,25,1.0,27,3975.0,10138,1015,3571.0,102,5483.0,10059,25,1.0,27,3975.0,10012,25,1.0,25,1.0,10047,301,1.0,299,6198.0,10136,1009,8.0,1004,6326.0,10140,27,3975.0,1022,21.0,10009,73,0.0,79,20.0,10065,27,3975.0,27,3975.0,10073,543,70.0,548,644.0,10149,25,1.0,1105,3060.0,10011,96,1.0,27,3975.0,10015,113,6285.0,112,100.0,10087,751,1.0,27,3975.0,10056,351,5257.0,350,350.0,10057,358,5247.0,27,3975.0,10005,43,6040.0,25,1.0,10150,400,6238.0,403,4.0,10005,25,1.0,43,6040.0,10105,25,1.0,27,3975.0,10107,27,3975.0,847,21.0,10151,27,3975.0,25,1.0,10087,751,1.0,27,3975.0,10063,410,1.0,0.0,0.0,10150,27,3975.0,25,1.0,10087,751,1.0,27,3975.0,10063,410,1.0,0.0,0.0,10150,25,1.0,27,3975.0,10063,410,1.0,0.0,0.0,10087,751,1.0,27,3975.0,10150,27,3975.0,25,1.0,10022,152,100.0,27,3975.0
6,202005,10000,27,3975.0,25,1.0,10150,25,1.0,27,3975.0,10000,20,6.0,18,1.0,10001,27,3975.0,31,1.0,10086,27,3975.0,746,15.0,10152,27,3975.0,1111,1.0,10012,25,1.0,27,3975.0,10017,146,5365.0,27,3975.0,10001,29,20.0,31,1.0,10150,25,1.0,27,3975.0,10001,31,1.0,27,3975.0,10099,27,3975.0,25,1.0,10047,301,1.0,299,6198.0,10153,27,3975.0,25,1.0,10150,25,1.0,27,3975.0,10154,1113,5729.0,27,3975.0,10017,146,5365.0,27,3975.0,10009,25,1.0,27,3975.0,10155,27,3975.0,25,1.0,10009,27,3975.0,73,45.0,10096,25,1.0,27,3975.0,10016,27,3975.0,25,1.0,10052,337,174.0,27,3975.0,10056,350,174.0,27,3975.0,10150,25,1.0,27,3975.0,10057,356,250.0,27,3975.0,10004,25,1.0,27,3975.0,10005,51,30.0,53,6137.0,10156,25,1.0,1122,0.0,10150,27,3975.0,25,1.0,10016,119,6022.0,121,6030.0,10157,1125,1.0,25,1.0,10158,27,3975.0,25,1.0,10016,119,6022.0,25,1.0,10100,27,3975.0,25,1.0,10148,25,1.0,27,3975.0,10005,53,6134.0,45,545.0,10150,25,1.0,27,3975.0,10005,27,3975.0,25,1.0,10012,25,1.0,27,3975.0,10159,1129,0.0,1130,1780.5,10150,27,3975.0,25,1.0,10016,127,60.0,125,596.0,10160,25,1.0,1145,100.0,10058,364,2.0,27,3975.0,10005,43,6040.0,25,1.0,10090,27,3975.0,25,1.0,10005,25,1.0,27,3975.0,10150,25,1.0,27,3975.0,10005,27,3975.0,25,1.0,10063,410,1.0,0.0,0.0,10062,25,1.0,27,3975.0,10009,77,1.26,79,25.0,10161,27,3975.0,25,1.0,10063,410,1.0,0.0,0.0,10150,25,1.0,27,3975.0,10062,27,3975.0,25,1.0,10009,76,1.0,74,6199.0,10063,410,1.0,0.0,0.0,10009,25,1.0,73,10.0,10063,410,1.0,0.0,0.0,10009,79,9.0,68,9.0,10063,410,1.0,0.0,0.0,10086,27,3975.0,741,1.0,10150,25,1.0,27,3975.0,10043,102,5483.0,288,3668.0,10062,25,1.0,27,3975.0,10009,74,6199.0,76,1.0,10162,1150,1.0,102,5483.0,10150,25,1.0,27,3975.0,10005,27,3975.0,25,1.0,10122,27,3975.0,25,1.0,10015,112,50.0,25,1.0,10137,27,3975.0,25,1.0,10123,27,3975.0,25,1.0,10016,27,3975.0,25,1.0,10163,1159,3654.0,102,5484.0,10150,25,1.0,27,3975.0,10087,751,1.0,27,3975.0,10016,25,1.0,119,6022.0,10015,112,100.0,25,1.0,10005,47,6048.0,49,40.0,10015,27,3975.0,113,6285.0,10005,27,3975.0,25,1.0,10015,27,3975.0,25,1.0,10016,119,6022.0,25,1.0,10015,112,100.0,25,1.0,10016,123,6067.0,125,1145.0,10150,25,1.0,27,3975.0,10016,27,3975.0,25,1.0,10056,27,3975.0,350,250.0,10057,27,3975.0,356,174.0,10004,27,3975.0,25,1.0,10005,53,6136.0,45,20.0,10090,27,3975.0,25,1.0,10004,27,3975.0,25,1.0,10005,53,6133.0,45,860.0,10160,27,3975.0,27,3975.0,10150,25,1.0,27,3975.0,10105,25,1.0,27,3975.0,10122,25,1.0,27,3975.0,10164,27,3975.0,25,1.0,10137,27,3975.0,1012,411.0,10022,154,1.0,153,0.0
3,202004,10095,1173,3562.0,27,3975.0,10000,20,5.0,22,20.0,10165,27,3975.0,1176,1.0,10075,654,3466.0,102,5483.0,10042,27,3975.0,25,1.0,10001,27,3975.0,31,1.0,10145,27,3975.0,25,1.0,10047,27,3975.0,299,6198.0,10057,27,3975.0,360,3000.0,10166,27,3975.0,27,3975.0,10005,51,90.0,53,6132.0,10057,358,5248.0,360,1000.0,10005,27,3975.0,25,1.0,10044,25,1.0,27,3975.0,10009,76,1.0,73,10.0,10105,27,3975.0,25,1.0,10088,759,1.0,27,3975.0,10015,27,3975.0,113,6285.0,10022,154,1.0,152,70.0
2,202004,10000,24,10.0,25,1.0,10042,27,3975.0,25,1.0,10001,29,50.0,31,1.0,10017,146,5365.0,25,1.0,10047,301,1.0,299,6198.0,10167,25,1.0,27,3975.0,10048,27,3975.0,25,1.0,10049,27,3975.0,25,1.0,10051,315,50.0,314,50.0,10055,347,1.0,345,5541.0,10005,49,10.0,51,10.0,10091,27,3975.0,782,5554.0,10092,787,6014.0,789,15.0,10104,845,1.0,27,3975.0,10124,27,3975.0,953,268.0,10102,27,3975.0,25,1.0,10052,27,3975.0,337,268.0,10103,27,3975.0,844,268.0,10094,27,3975.0,25,1.0,10022,27,3975.0,154,1.0
8,202004,10095,27,3975.0,25,1.0,10000,24,8.0,22,25.0,10042,25,1.0,27,3975.0,10086,27,3975.0,746,0.0,10009,27,3975.0,25,1.0,10001,27,3975.0,29,30.0,10134,993,1.0,994,4.0,10001,27,3975.0,31,1.0,10047,299,6198.0,301,1.0,10168,1206,4.5,1208,5.0,10150,27,3975.0,403,4.0,10090,27,3975.0,25,1.0,10050,303,6234.0,302,90.0,10090,25,1.0,27,3975.0,10016,118,0.5,25,1.0,10056,351,5257.0,350,52.0,10057,358,5247.0,357,1.0,10169,25,1.0,27,3975.0,10005,49,80.0,47,6048.0,10169,25,1.0,27,3975.0,10005,27,3975.0,43,6040.0,10169,25,1.0,27,3975.0,10005,53,6134.0,27,3975.0,10169,27,3975.0,25,1.0,10052,337,261.0,338,1.0,10150,25,1.0,27,3975.0,10012,51,261.0,53,6134.0,10140,1029,2585.0,1027,6373.0,10072,25,1.0,43,6040.0,10005,53,6134.0,51,281.0,10170,27,3975.0,25,1.0,10136,1007,10.0,1006,1.02,10159,1133,0.3,1131,2806.0,10150,27,3975.0,25,1.0,10159,1129,10.0,1130,2806.0,10009,27,3975.0,25,1.0,10150,25,1.0,27,3975.0,10009,77,1.02,79,40.0,10072,25,1.0,27,3975.0,10044,27,3975.0,25,1.0,10171,27,3975.0,1222,30.0,10044,25,1.0,27,3975.0,10016,115,0.3,118,0.3,10150,27,3975.0,25,1.0,10016,118,1.02,27,3975.0,10004,27,3975.0,25,1.0,10005,49,100.0,51,100.0,10150,27,3975.0,25,1.0,10012,25,1.0,27,3975.0,10060,27,3975.0,382,2841.0,10150,27,3975.0,25,1.0,10060,385,0.5,386,23.0,10009,74,6199.0,27,3975.0,10072,27,3975.0,25,1.0,10016,27,3975.0,25,1.0,10172,25,1.0,27,3975.0,10087,751,1.0,27,3975.0,10090,27,3975.0,25,1.0,10005,25,1.0,27,3975.0,10150,43,6040.0,45,2835.0,10005,47,6048.0,45,2835.0,10137,25,1.0,1012,102.0,10173,25,1.0,27,3975.0,10174,25,1.0,1243,4.0,10063,410,1.0,0.0,0.0,10137,1012,144.0,27,3975.0,10123,25,1.0,27,3975.0,10016,118,0.3,27,3975.0,10150,115,0.3,27,3975.0,10016,121,6030.0,123,6067.0,10090,27,3975.0,25,1.0,10056,354,5253.0,353,1.0,10175,1248,3684.0,102,5484.0,10150,27,3975.0,25,1.0,10057,357,1.0,27,3975.0,10145,27,3975.0,25,1.0,10005,53,6136.0,51,2.0,10090,27,3975.0,25,1.0,10005,53,6133.0,43,6040.0,10150,27,3975.0,25,1.0,10005,43,6040.0,45,2850.0,10052,337,296.0,338,1.0,10124,954,1.0,953,296.0,10160,1145,46.0,1146,2835.0,10105,27,3975.0,25,1.0,10122,27,3975.0,25,1.0,10145,27,3975.0,27,3975.0,10015,27,3975.0,25,1.0,10155,25,1.0,27,3975.0,10137,25,1.0,27,3975.0,10022,153,0.0,27,3975.0
3,202004,10176,160,2.0,159,25.0,10177,27,3975.0,1256,1.0,10178,27,3975.0,1258,1.0,10179,863,118.0,868,40.0,10180,280,29.0,268,119.0,10181,1265,1.0,0.0,0.0,10115,27,3975.0,268,119.0,10182,1266,1.0,27,3975.0,10183,27,3975.0,1267,1.0,10184,192,0.7,193,1.06,10185,27,3975.0,1276,100.0,10035,27,3975.0,238,3755.0,10034,27,3975.0,231,3759.0,10186,894,139.0,233,100.0,10187,1284,3576.0,27,3975.0,10034,230,1.0,233,110.0,10186,1281,4069.0,233,25.0,10034,235,5227.0,233,110.0,10186,1281,4069.0,1283,1.0,10188,266,50.0,27,3975.0,10189,27,3975.0,1294,1.0,10035,241,5225.0,237,1.0,10190,27,3975.0,1295,4043.0,10175,1250,1.0,102,5483.0,10034,27,3975.0,231,3760.0,10175,27,3975.0,1248,3684.0,10034,235,5227.0,230,1.0,10186,266,15.0,898,150.0,10013,102,5484.0,27,3975.0,10191,27,3975.0,264,40.0,10188,193,1.01,192,0.0,10192,27,3975.0,1303,3743.0,10193,249,100.0,894,1139.0,10194,1276,40.0,268,119.0,10193,250,527.0,27,3975.0,10040,282,1.0,27,3975.0,10194,1276,40.0,27,3975.0,10195,285,0.0,27,3975.0
9,202004,10176,160,7.0,159,10.0,10177,1257,10.0,27,3975.0,10196,27,3975.0,1318,1.0,10197,1264,10.0,280,10.0,10198,1320,1.0,27,3975.0,10034,230,1.0,235,5227.0,10188,1290,4111.0,1292,1.0,10199,1326,30.0,1327,10.0,10200,1333,1.0,1334,4063.0,10201,1341,1.0,193,1.01,10200,233,25.0,1333,1.0,10201,1341,1.0,27,3975.0,10200,266,325.0,898,2550.0,10119,912,100.0,913,333.0,10202,27,3975.0,1346,1.0,10203,865,20.0,193,1.01,10204,27,3975.0,1351,367.0,10035,237,1.0,241,5225.0,10205,27,3975.0,1363,1.0,10138,1015,3572.0,27,3975.0,10206,266,20.0,233,20.0,10207,868,30.0,863,117.0,10188,193,1.01,192,0.2,10200,233,85.0,266,85.0,10202,1346,1.0,27,3975.0,10204,266,20.0,193,1.01,10186,27,3975.0,1281,4069.0,10202,1346,1.0,27,3975.0,10208,1389,1.0,861,377.0,10209,1390,507.0,1392,1.0,10188,193,1.01,192,0.2,10210,27,3975.0,1399,1.0,10209,914,2710.0,1392,1.0,10210,27,3975.0,1399,1.0,10191,27,3975.0,264,150.0,10211,1400,1.0,27,3975.0,10212,1401,0.0,1402,0.0,10213,27,3975.0,1413,1.0,10188,1292,1.0,1290,4111.0,10214,1415,1.0,27,3975.0,10215,27,3975.0,1418,1.0,10191,27,3975.0,1302,1.0,10215,1418,1.0,27,3975.0,10191,264,150.0,268,119.0,10195,1317,1.0,1316,20.0
10,202004,10095,25,1.0,27,3975.0,10000,20,6.0,18,0.0,10042,25,1.0,27,3975.0,10086,741,1.0,744,0.0,10062,27,3975.0,25,1.0,10009,76,1.0,70,6204.0,10086,742,6188.0,741,1.0,10001,27,3975.0,31,1.0,10134,27,3975.0,994,4.0,10001,27,3975.0,31,1.0,10093,27,3975.0,102,5483.0,10047,299,6198.0,301,1.0,10048,25,1.0,27,3975.0,10049,25,1.0,27,3975.0,10051,314,50.0,316,6144.0,10093,802,3558.0,801,1.0,10051,27,3975.0,25,1.0,10053,27,3975.0,25,1.0,10052,27,3975.0,337,229.0,10172,27,3975.0,25,1.0,10055,345,5541.0,347,1.0,10056,353,1.0,351,5257.0,10057,357,1.0,358,5247.0,10050,303,6234.0,25,1.0,10216,1430,20.0,1431,6350.0,10005,27,3975.0,25,1.0,10050,25,1.0,27,3975.0,10005,51,160.0,53,6137.0,10061,403,4.0,27,3975.0,10005,49,24.0,51,184.0,10156,1122,140.0,25,1.0,10016,116,6128.0,118,0.4,10149,1105,2080.0,27,3975.0,10217,25,1.0,113,6285.0,10015,25,1.0,27,3975.0,10005,27,3975.0,25,1.0,10009,73,25.0,72,25.0,10160,27,3975.0,25,1.0,10010,89,0.0,90,0.0,10011,27,3975.0,96,1.0,10015,113,6285.0,25,1.0,10005,45,2025.0,47,6048.0,10016,115,0.4,118,0.4,10150,27,3975.0,25,1.0,10016,118,0.4,115,0.4,10172,27,3975.0,25,1.0,10087,27,3975.0,751,1.0,10217,27,3975.0,25,1.0,10056,27,3975.0,354,5253.0,10057,27,3975.0,356,270.0,10003,39,90.0,42,1.0,10090,25,1.0,27,3975.0,10005,49,20.0,47,6048.0,10154,303,6234.0,302,90.0,10150,27,3975.0,25,1.0,10005,53,6133.0,43,6041.0,10052,27,3975.0,337,233.0,10105,27,3975.0,25,1.0,10088,27,3975.0,759,1.0,10218,27,3975.0,1455,20.0,10015,113,6285.0,112,90.0,10150,25,1.0,27,3975.0,10022,154,1.0,27,3975.0,10056,354,5254.0,353,1.0,10150,25,1.0,27,3975.0,10095,27,3975.0,25,1.0,10042,27,3975.0,25,1.0,10085,739,1.0,102,5483.0,10150,25,1.0,27,3975.0,10001,25,1.0,31,1.0,10219,1461,1.0,1462,12.0,10017,25,1.0,27,3975.0,10009,76,2.0,25,1.0,10096,25,1.0,27,3975.0,10047,299,6198.0,301,1.0,10100,36,1.0,34,6406.0,10049,25,1.0,27,3975.0,10050,25,1.0,302,90.0,10089,27,3975.0,762,1.0,10017,25,1.0,27,3975.0,10009,27,3975.0,25,1.0,10016,125,99.0,123,6067.0,10160,1146,2020.0,1145,38.0,10016,125,409.0,123,6067.0,10150,27,3975.0,25,1.0,10016,123,6067.0,27,3975.0,10220,1467,1.0,1468,0.0,10150,25,1.0,27,3975.0,10056,27,3975.0,350,233.0,10057,27,3975.0,356,201.0,10105,357,1.0,358,5247.0,10050,25,1.0,42,1.0,10005,53,6133.0,51,12.0,10122,27,3975.0,25,1.0,10006,25,1.0,27,3975.0,10154,1113,5729.0,25,1.0,10123,27,3975.0,25,1.0,10016,27,3975.0,127,12.0,10091,27,3975.0,786,1.0,10092,27,3975.0,25,1.0,10007,27,3975.0,61,6113.0,10092,791,100.0,790,90.0,10006,27,3975.0,25,1.0,10007,27,3975.0,61,6113.0,10092,791,100.0,790,155.0,10150,27,3975.0,25,1.0,10092,791,100.0,790,201.0,10007,66,40.0,61,6113.0,10124,954,1.0,27,3975.0,10103,843,1810.0,844,201.0,10102,27,3975.0,25,1.0,10052,338,1.0,337,201.0,10105,25,1.0,27,3975.0,10094,811,6089.0,27,3975.0,10022,153,0.0,152,30.0,10150,27,3975.0,25,1.0,10221,1476,1.0,27,3975.0,10022,27,3975.0,153,0.0
11,202004,10024,160,3.0,159,5.0,10026,27,3975.0,164,1.0,10027,27,3975.0,166,3895.0,10197,1319,1.0,268,119.0,10222,27,3975.0,1478,1.0,10028,172,42.0,176,33.0,10029,186,1.0,180,356.0,10032,27,3975.0,224,1.0,10117,890,333.0,190,123.0,10118,27,3975.0,894,138.0,10121,27,3975.0,937,1.0,10041,287,1.0,286,80.0
6,202004,10000,20,7.0,22,6.0,10001,27,3975.0,31,1.0,10042,27,3975.0,25,1.0,10150,0.0,0.0,0.0,0.0,10001,29,70.0,27,3975.0,10046,298,2.0,297,1.0,10045,295,1.0,296,2.0,10047,301,1.0,27,3975.0,10223,25,1.0,27,3975.0,10049,27,3975.0,25,1.0,10050,302,30.0,27,3975.0,10146,25,1.0,27,3975.0,10123,25,1.0,27,3975.0,10044,25,1.0,27,3975.0,10009,68,0.1,70,6205.0,10044,25,1.0,27,3975.0,10016,127,10.0,116,6128.0,10044,25,1.0,27,3975.0,10009,27,3975.0,25,1.0,10044,25,1.0,27,3975.0,10063,410,1.0,0.0,0.0,10016,25,1.0,119,6023.0,10150,0.0,0.0,0.0,0.0,10016,27,3975.0,25,1.0,10052,337,309.0,338,1.0,10224,27,3975.0,1495,20.0,10056,354,5254.0,353,1.0,10057,356,354.0,360,3540.0,10150,25,1.0,27,3975.0,10169,25,1.0,27,3975.0,10005,27,3975.0,27,3975.0,10012,27,3975.0,25,1.0,10074,27,3975.0,601,60.0,10072,25,1.0,27,3975.0,10005,27,3975.0,25,1.0,10150,27,3975.0,25,1.0,10005,47,6049.0,45,1472.0,10012,27,3975.0,25,1.0,10150,27,3975.0,25,1.0,10074,598,6381.0,595,20.0,10072,27,3975.0,25,1.0,10005,49,29.0,53,6141.0,10052,338,1.0,337,337.0,10069,27,3975.0,25,1.0,10016,119,6022.0,25,1.0,10150,27,3975.0,25,1.0,10016,119,6022.0,121,6031.0,10150,25,1.0,27,3975.0,10016,125,2544.0,123,6075.0,10090,25,1.0,27,3975.0,10005,47,6048.0,45,102.0,10122,27,3975.0,25,1.0,10019,27,3975.0,25,1.0,10044,25,1.0,27,3975.0,10015,112,190.0,25,1.0,10044,27,3975.0,25,1.0,10123,27,3975.0,25,1.0,10016,119,6022.0,118,0.1,10224,27,3975.0,1495,0.0,10150,25,1.0,27,3975.0,10016,27,3975.0,25,1.0,10169,25,1.0,27,3975.0,10005,53,6141.0,45,305.0,10058,27,3975.0,364,25.0,10005,27,3975.0,25,1.0,10150,25,1.0,27,3975.0,10005,27,3975.0,25,1.0,10012,25,1.0,27,3975.0,10159,27,3975.0,25,1.0,10072,25,1.0,27,3975.0,10016,27,3975.0,25,1.0,10063,410,1.0,0.0,0.0,10005,27,3975.0,25,1.0,10052,27,3975.0,338,1.0,10150,25,1.0,27,3975.0,10016,27,3975.0,25,1.0,10150,27,3975.0,25,1.0,10016,119,6022.0,118,3.0,10058,27,3975.0,25,1.0,10169,25,1.0,27,3975.0,10056,27,3975.0,350,373.0,10057,357,1.0,358,5248.0,10225,27,3975.0,25,1.0,10150,27,3975.0,25,1.0,10005,49,35.0,45,357.0,10150,27,3975.0,25,1.0,10005,49,40.0,47,6048.0,10052,337,308.0,27,3975.0,10105,27,3975.0,25,1.0,10151,25,1.0,27,3975.0,10122,25,1.0,27,3975.0,10044,25,1.0,27,3975.0,10015,27,3975.0,25,1.0,10137,25,1.0,1012,0.0,10044,27,3975.0,25,1.0,10022,152,50.0,154,1.0,10109,851,1.0,850,2.0,10110,853,1.0,27,3975.0,10095,27,3975.0,25,1.0,10022,27,3975.0,152,100.0
2,202004,10024,160,5.0,158,1.0,10026,27,3975.0,165,50.0,10222,27,3975.0,1478,1.0,10115,192,0.0,865,0.0,10026,27,3975.0,165,100.0,10027,166,3895.0,27,3975.0,10197,1264,40.0,280,29.0,10043,102,5484.0,290,1.0,10226,1531,1.0,27,3975.0,10197,280,29.0,1264,40.0,10043,290,1.0,102,5483.0,10226,1532,20.0,1531,1.0,10028,173,0.0,171,1.0,10227,243,2643.0,247,257.0,10029,187,24.0,194,244.0,10043,290,1.0,27,3975.0,10029,194,2540.0,187,247.0,10032,225,3534.0,27,3975.0,10135,1000,1.0,27,3975.0,10228,27,3975.0,1545,1.0,10118,894,1139.0,233,15.0,10043,288,3669.0,27,3975.0,10114,861,379.0,860,381.0,10118,894,138.0,233,29.0,10120,27,3975.0,924,4168.0,10033,182,3536.0,229,1.0,10036,250,527.0,252,3089.0,10227,27,3975.0,1536,100.0,10036,252,3091.0,182,3536.0,10040,282,1.0,280,28.0,10227,1535,1.0,27,3975.0,10041,287,1.0,286,75.0
12,202004,10000,22,17.0,27,3975.0,10001,29,10.0,27,3975.0,10017,25,1.0,146,5366.0,10063,410,1.0,0.0,0.0,10017,25,1.0,146,5366.0,10001,27,3975.0,29,30.0,10167,25,1.0,27,3975.0,10047,299,6198.0,301,1.0,10143,102,5484.0,1066,1.0,10002,34,6406.0,36,1.0,10150,25,1.0,27,3975.0,10050,303,6234.0,25,1.0,10016,121,6030.0,25,1.0,10095,27,3975.0,25,1.0,10016,115,1.2,116,6128.0,10004,25,1.0,27,3975.0,10005,51,191.0,49,11.0,10012,25,1.0,27,3975.0,10063,410,1.0,0.0,0.0,10150,25,1.0,27,3975.0,10005,27,3975.0,25,1.0,10016,25,1.0,118,2.0,10229,1572,1.0,0.0,0.0,10087,751,1.0,27,3975.0,10150,27,3975.0,25,1.0,10087,27,3975.0,751,1.0,10095,27,3975.0,25,1.0,10006,27,3975.0,25,1.0,10091,784,5567.0,786,1.0,10150,27,3975.0,25,1.0,10092,798,6004.0,796,169.0,10150,27,3975.0,25,1.0,10092,792,6147.0,791,100.0,10006,27,3975.0,25,1.0,10105,25,1.0,27,3975.0,10022,27,3975.0,154,1.0,10150,25,1.0,27,3975.0,10022,27,3975.0,152,100.0
5,202004,10126,961,1.0,736,20.0,10127,962,4828.0,964,1.0,10128,969,36.0,973,1.0,10129,977,4846.0,976,1.0,10130,965,181.0,972,0.0,10131,985,4873.0,736,5.0,10132,736,100.0,285,0.0
2,202005,10024,160,5.0,158,1.0,10026,164,1.0,27,3975.0,10027,168,1.0,166,3895.0,10028,171,1.0,176,41.0,10043,290,1.0,288,3669.0,10114,861,379.0,193,1.0,10028,174,3471.0,172,50.0,10230,102,5484.0,1585,1.0,10231,1588,20.0,1589,5.0,10232,1595,1.0,0.0,0.0,10028,27,3975.0,171,1.0,10029,187,10.0,189,10.0,10233,1601,1.0,27,3975.0,10029,27,3975.0,180,356.0,10234,1610,1.0,27,3975.0,10029,193,1.0,192,4.0,10116,886,1.0,887,654.0,10032,227,132.0,224,1.0,10033,225,3534.0,182,3536.0,10036,248,1.0,27,3975.0,10093,102,5483.0,27,3975.0,10036,248,1.0,252,3092.0,10040,282,1.0,27,3975.0,10227,243,3315.0,1536,100.0,10041,285,0.0,286,40.0
3,202005,10176,160,27.0,159,27.0,10235,1624,1.0,1625,100.0,10177,27,3975.0,1257,40.0,10236,27,3975.0,1626,1.0,10179,868,30.0,863,118.0,10181,1265,1.0,0.0,0.0,10177,1257,90.0,1256,1.0,10196,27,3975.0,1318,1.0,10180,1264,28.0,280,26.0,10181,1265,1.0,0.0,0.0,10237,1627,1.0,27,3975.0,10238,193,1.06,192,0.1,10239,27,3975.0,1631,1.0,10240,27,3975.0,1633,3826.0,10238,193,1.06,192,1.1,10034,27,3975.0,230,1.0,10238,193,1.06,192,1.1,10239,1631,1.0,1632,75.0,10240,1635,812.0,1637,75.0,10241,27,3975.0,1643,1.0,10242,27,3975.0,1644,1.0,10214,1416,3206.0,27,3975.0,10183,27,3975.0,1267,1.0,10243,27,3975.0,264,100.0,10035,233,185.0,238,3755.0,10034,233,60.0,231,3760.0,10244,1647,1.0,27,3975.0,10186,898,800.0,27,3975.0,10240,1637,80.0,1635,800.0,10186,894,139.0,233,21.0,10034,233,58.0,231,3758.0,10186,894,138.0,233,40.0,10240,1637,81.0,1635,800.0,10186,894,138.0,233,90.0,10240,1637,90.0,1635,957.0,10186,898,3043.0,27,3975.0,10240,27,3975.0,1633,3825.0,10236,27,3975.0,1626,1.0,10208,863,117.0,865,20.0,10188,1290,4112.0,1292,1.0,10192,27,3975.0,1303,3743.0,10035,238,3754.0,27,3975.0,10193,1306,4155.0,27,3975.0,10245,222,116.0,1664,1.0,10227,27,3975.0,1536,100.0,10239,27,3975.0,1631,1.0,10240,27,3975.0,1633,3823.0,10193,254,700.0,249,100.0,10246,268,119.0,1666,0.0,10193,1306,4155.0,27,3975.0,10246,268,119.0,233,60.0,10227,243,1200.0,247,130.0,10193,182,3536.0,894,138.0,10245,222,140.0,1664,1.0,10239,27,3975.0,1632,82.0,10240,1637,82.0,1635,703.0,10193,182,3536.0,894,138.0,10227,247,200.0,243,1760.0,10245,27,3975.0,222,140.0,10239,27,3975.0,1632,70.0,10240,1637,70.0,1635,460.0,10193,182,3536.0,894,138.0,10246,268,119.0,1666,0.0,10193,1306,4155.0,27,3975.0,10227,247,270.0,243,2400.0,10245,27,3975.0,222,140.0,10239,27,3975.0,1632,70.0,10240,1637,70.0,1635,640.0,10193,182,3536.0,894,138.0,10247,280,20.0,268,532.0,10195,285,0.0,1317,0.0
13,202005,10148,25,1.0,102,5483.0,10163,1159,3654.0,27,3975.0,10148,27,3975.0,25,1.0,10013,102,5483.0,99,1.0,10017,27,3975.0,25,1.0,10009,74,6199.0,25,1.0,10001,31,1.0,27,3975.0,10051,307,662.0,309,5991.0,10150,25,1.0,27,3975.0,10051,309,5991.0,307,1324.0,10055,345,5541.0,347,1.0,10150,27,3975.0,25,1.0,10050,27,3975.0,25,1.0,10022,152,80.0,154,1.0
14,202005,10095,25,1.0,27,3975.0,10000,24,10.0,22,10.0,10042,27,3975.0,25,1.0,10098,0.0,0.0,0.0,0.0,10001,27,3975.0,31,1.0,10150,27,3975.0,25,1.0,10086,746,14.0,27,3975.0,10152,1112,16.0,27,3975.0,10001,29,80.0,27,3975.0,10046,27,3975.0,298,2.0,10045,27,3975.0,295,1.0,10099,27,3975.0,25,1.0,10047,27,3975.0,301,1.0,10017,146,5365.0,25,1.0,10009,73,0.0,77,1.55,10150,25,1.0,27,3975.0,10100,27,3975.0,25,1.0,10049,27,3975.0,25,1.0,10050,27,3975.0,25,1.0,10123,27,3975.0,25,1.0,10168,27,3975.0,25,1.0,10017,146,5365.0,25,1.0,10009,73,0.0,77,1.5,10248,27,3975.0,1681,0.0,10150,25,1.0,27,3975.0,10016,119,6023.0,121,6030.0,10022,27,3975.0,153,0.0,10076,27,3975.0,680,1.0,10150,27,3975.0,25,1.0,10001,27,3975.0,31,1.0,10047,27,3975.0,301,1.0,10016,115,0.1,118,0.1,10150,27,3975.0,25,1.0,10016,119,6023.0,118,0.1,10090,25,1.0,27,3975.0,10105,25,1.0,27,3975.0,10049,27,3975.0,25,1.0,10050,25,1.0,302,100.0,10150,27,3975.0,25,1.0,10056,350,354.0,27,3975.0,10057,27,3975.0,356,284.0,10048,27,3975.0,25,1.0,10091,786,1.0,784,5567.0,10006,27,3975.0,25,1.0,10101,27,3975.0,830,6227.0,10092,794,6011.0,787,6014.0,10150,25,1.0,27,3975.0,10092,27,3975.0,25,1.0,10150,25,1.0,27,3975.0,10092,27,3975.0,25,1.0,10102,27,3975.0,27,3975.0,10249,27,3975.0,1697,284.0,10103,27,3975.0,843,2914.0,10105,25,1.0,27,3975.0,10094,27,3975.0,25,1.0,10150,27,3975.0,25,1.0,10108,25,1.0,27,3975.0,10111,25,1.0,27,3975.0,10109,27,3975.0,850,2.0,10022,152,10.0,154,1.0
13,202005,10150,27,3975.0,25,1.0,10095,25,1.0,27,3975.0,10000,22,10.0,18,0.0,10042,27,3975.0,25,1.0,10086,745,0.0,746,0.0,10017,146,5366.0,25,1.0,10009,72,0.0,73,50.0,10096,25,1.0,27,3975.0,10086,746,0.1,745,0.1,10135,27,3975.0,1000,1.0,10001,29,100.0,27,3975.0,10047,301,1.0,299,6198.0,10048,25,1.0,27,3975.0,10049,27,3975.0,25,1.0,10051,27,3975.0,25,1.0,10150,27,3975.0,25,1.0,10051,314,120.0,312,6142.0,10150,25,1.0,27,3975.0,10055,343,5527.0,27,3975.0,10145,27,3975.0,25,1.0,10005,27,3975.0,25,1.0,10175,27,3975.0,1248,3684.0,10056,27,3975.0,350,233.0,10150,27,3975.0,25,1.0,10005,45,500.0,27,3975.0,10105,27,3975.0,25,1.0,10107,849,1.0,848,4.5,10022,154,1.0,152,70.0
15,202005,10024,160,0.0,159,0.0,10025,27,3975.0,162,100.0,10026,27,3975.0,165,25.0,10027,166,3895.0,27,3975.0,10028,172,35.0,176,33.0,10029,190,123.0,189,4.0,10250,1704,3688.0,998,3706.0,10251,1707,371.0,27,3975.0,10252,27,3975.0,1710,1.0,10253,1327,1.0,1364,57.0,10114,865,7.0,192,7.0,10029,180,356.0,27,3975.0,10138,1015,3571.0,102,5483.0,10029,193,1.01,192,1.0,10031,27,3975.0,222,648.0,10032,227,132.0,225,3534.0,10118,894,138.0,233,55.0,10121,27,3975.0,937,1.0,10035,241,5225.0,237,1.0,10041,27,3975.0,286,75.0
6,202005,10095,27,3975.0,25,1.0,10000,25,1.0,27,3975.0,10042,27,3975.0,25,1.0,10015,27,3975.0,25,1.0,10017,27,3975.0,25,1.0,10009,70,6205.0,27,3975.0,10137,27,3975.0,25,1.0,10096,27,3975.0,25,1.0,10167,25,1.0,27,3975.0,10099,27,3975.0,25,1.0,10150,27,3975.0,25,1.0,10001,27,3975.0,31,1.0,10066,25,1.0,27,3975.0,10150,27,3975.0,25,1.0,10047,301,1.0,299,6198.0,10153,27,3975.0,25,1.0,10100,25,1.0,27,3975.0,10154,27,3975.0,1113,5729.0,10123,27,3975.0,25,1.0,10064,27,3975.0,446,1.0,10062,27,3975.0,25,1.0,10009,76,2.0,68,1.0,10016,121,6030.0,119,6022.0,10150,25,1.0,27,3975.0,10062,27,3975.0,25,1.0,10016,121,6030.0,119,6022.0,10052,27,3975.0,337,218.0,10124,27,3975.0,954,1.0,10056,350,218.0,354,5253.0,10150,25,1.0,27,3975.0,10057,27,3975.0,360,2800.0,10145,25,1.0,27,3975.0,10005,45,660.0,47,6049.0,10254,27,3975.0,25,1.0,10005,45,670.0,47,6049.0,10157,25,1.0,1125,1.0,10005,53,6137.0,47,6048.0,10150,27,3975.0,25,1.0,10005,27,3975.0,43,6040.0,10255,25,1.0,27,3975.0,10156,1122,37.0,27,3975.0,10012,27,3975.0,25,1.0,10009,70,6204.0,72,30.0,10137,1012,0.0,25,1.0,10072,27,3975.0,25,1.0,10016,123,6071.0,121,6029.0,10150,25,1.0,27,3975.0,10016,25,1.0,118,1.9,10169,25,1.0,27,3975.0,10005,43,6040.0,45,203.0,10150,27,3975.0,25,1.0,10005,43,6040.0,25,1.0,10012,27,3975.0,25,1.0,10159,25,1.0,1129,2.0,10150,27,3975.0,25,1.0,10159,1136,70.0,1140,1.02,10150,27,3975.0,25,1.0,10159,1129,3.0,1130,2724.0,10072,27,3975.0,25,1.0,10150,27,3975.0,25,1.0,10016,116,6128.0,125,304.0,10058,25,1.0,27,3975.0,10016,127,271.0,27,3975.0,10148,25,1.0,27,3975.0,10150,25,1.0,27,3975.0,10004,27,3975.0,25,1.0,10005,25,1.0,27,3975.0,10090,27,3975.0,25,1.0,10005,43,6040.0,45,555.0,10150,25,1.0,27,3975.0,10174,27,3975.0,25,1.0,10063,410,1.0,0.0,0.0,10137,1012,0.0,27,3975.0,10005,25,1.0,53,6133.0,10122,27,3975.0,25,1.0,10174,1243,0.5,25,1.0,10063,410,1.0,0.0,0.0,10005,49,10.0,27,3975.0,10122,27,3975.0,25,1.0,10174,1243,0.5,27,3975.0,10012,25,1.0,27,3975.0,10150,27,3975.0,25,1.0,10012,27,3975.0,25,1.0,10150,25,1.0,27,3975.0,10174,1243,3.0,25,1.0,10012,25,1.0,27,3975.0,10016,116,6128.0,118,0.9,10150,25,1.0,27,3975.0,10016,116,6128.0,115,2.5,10056,354,5253.0,353,1.0,10057,358,5248.0,27,3975.0,10003,39,0.0,40,6397.0,10154,25,1.0,27,3975.0,10005,27,3975.0,25,1.0,10150,25,1.0,27,3975.0,10005,53,6136.0,51,180.0,10049,27,3975.0,25,1.0,10107,27,3975.0,847,28.0,10088,27,3975.0,759,1.0,10022,27,3975.0,153,0.0,10150,27,3975.0,25,1.0,10022,152,100.0,153,0.0
13,202005,10095,24,1.0,27,3975.0,10000,20,7.0,18,0.0,10042,25,1.0,27,3975.0,10001,27,3975.0,29,10.0,10086,740,2.0,745,0.0,10256,27,3975.0,1761,6193.0,10017,25,1.0,146,5365.0,10009,73,40.0,77,1.02,10063,410,1.0,0.0,0.0,10150,25,1.0,27,3975.0,10086,745,0.0,746,0.0,10001,27,3975.0,31,1.0,10099,27,3975.0,25,1.0,10047,301,1.0,299,6198.0,10048,25,1.0,27,3975.0,10104,846,50.0,27,3975.0,10150,27,3975.0,25,1.0,10154,27,3975.0,25,1.0,10051,27,3975.0,25,1.0,10104,846,221.0,845,1.0,10062,25,1.0,27,3975.0,10009,68,8.0,79,8.0,10063,410,1.0,0.0,0.0,10086,746,0.0,27,3975.0,10051,314,15.0,315,15.0,10150,27,3975.0,25,1.0,10051,305,5984.0,307,917.0,10052,27,3975.0,337,173.0,10053,27,3975.0,25,1.0,10124,27,3975.0,954,1.0,10150,25,1.0,27,3975.0,10124,27,3975.0,954,1.0,10055,347,1.0,348,5529.0,10090,25,1.0,27,3975.0,10005,25,1.0,51,50.0,10124,27,3975.0,953,50.0,10056,27,3975.0,350,123.0,10105,27,3975.0,25,1.0,10145,25,1.0,27,3975.0,10022,27,3975.0,153,0.0,10111,27,3975.0,25,1.0,10022,152,100.0,153,0.0
13,202005,10000,27,3975.0,25,1.0,10257,1769,3609.0,27,3975.0,10000,22,12.0,20,6.0,10061,403,3.0,27,3975.0,10017,146,5366.0,25,1.0,10006,27,3975.0,25,1.0,10009,70,6204.0,72,0.0,10096,27,3975.0,25,1.0,10001,27,3975.0,29,30.0,10047,299,6198.0,27,3975.0,10061,400,6238.0,402,1.0,10048,27,3975.0,25,1.0,10051,312,6142.0,314,20.0,10052,338,1.0,337,194.0,10053,339,386.0,25,1.0,10061,403,3.0,400,6238.0,10055,27,3975.0,343,5527.0,10004,27,3975.0,25,1.0,10005,53,6141.0,45,143.0,10056,27,3975.0,350,75.0,10005,27,3975.0,25,1.0,10052,27,3975.0,337,54.0,10105,27,3975.0,25,1.0,10107,27,3975.0,847,5.1,10151,27,3975.0,25,1.0,10061,403,3.0,27,3975.0,10022,27,3975.0,153,0.0
2,202005,10025,27,3975.0,163,1.0,10024,158,0.0,27,3975.0,10026,27,3975.0,165,75.0,10027,168,1.0,166,3895.0,10028,172,21.0,171,1.0,10258,27,3975.0,1780,1.0,10251,27,3975.0,1709,1.0,10114,193,1.01,865,30.0,10232,1595,1.0,0.0,0.0,10115,867,0.0,27,3975.0,10135,1000,1.0,27,3975.0,10114,27,3975.0,859,1.0,10135,998,3706.0,102,5483.0,10114,27,3975.0,859,1.0,10232,1595,1.0,0.0,0.0,10115,867,1.0,27,3975.0,10029,182,3536.0,184,126.0,10259,27,3975.0,1784,1.0,10029,180,356.0,182,3536.0,10135,998,3706.0,27,3975.0,10029,186,1.0,178,4173.0,10031,221,1.0,27,3975.0,10032,227,133.0,225,3534.0,10013,27,3975.0,99,1.0,10034,233,145.0,231,3760.0,10228,27,3975.0,1545,1.0,10118,896,5125.0,898,180.0,10034,233,195.0,231,3760.0,10118,894,138.0,233,87.0,10260,1707,371.0,27,3975.0,10261,1348,3.0,913,210.0,10114,193,1.01,192,20.0,10120,193,1.01,192,0.2,10033,225,3534.0,182,3536.0,10036,182,3536.0,243,285.0,10262,1793,1.0,27,3975.0,10036,182,3536.0,243,1205.0,10039,222,548.0,27,3975.0,10040,27,3975.0,282,1.0,10263,27,3975.0,1799,1.0,10040,278,19.0,281,0.0,10041,27,3975.0,286,50.0,10135,27,3975.0,102,5483.0,10035,27,3975.0,238,3754.0,10041,285,0.0,27,3975.0
16,202005,10000,25,1.0,24,1.0,10001,31,1.0,29,20.0,10150,27,3975.0,25,1.0,10013,100,3566.0,102,5483.0,10009,79,17.0,73,70.0,10001,29,100.0,27,3975.0,10047,299,6198.0,27,3975.0,10002,32,11.0,37,9.6,10051,319,5994.0,312,6142.0,10055,347,1.0,343,5527.0,10056,353,1.0,354,5253.0,10005,45,155.0,47,6049.0,10013,99,1.0,100,3566.0,10068,483,1.0,27,3975.0,10005,47,6049.0,25,1.0,10068,483,1.0,27,3975.0,10016,118,0.4,119,6022.0,10070,496,1.0,27,3975.0,10005,53,6141.0,45,403.0,10013,99,1.0,100,3566.0,10068,27,3975.0,483,1.0,10064,27,3975.0,443,6387.0,10016,115,0.3,116,6130.0,10005,27,3975.0,25,1.0,10064,27,3975.0,446,1.0,10068,483,1.0,27,3975.0,10016,115,4.0,118,4.0,10070,27,3975.0,496,1.0,10005,53,6141.0,43,6039.0,10016,123,6075.0,121,6031.0,10070,27,3975.0,496,1.0,10005,51,80.0,53,6141.0,10013,102,5483.0,99,1.0,10005,47,6049.0,53,6141.0,10068,27,3975.0,483,1.0,10005,43,6040.0,25,1.0,10016,27,3975.0,25,1.0,10070,27,3975.0,496,1.0,10056,353,1.0,351,5257.0,10091,27,3975.0,782,5554.0,10092,790,35.0,789,35.0,10107,847,9.6,27,3975.0,10022,27,3975.0,153,0.0
13,202005,10024,160,0.0,159,0.0,10026,165,75.0,27,3975.0,10027,168,1.0,166,3895.0,10264,27,3975.0,1376,31.0,10251,1707,371.0,1709,1.0,10114,861,377.0,863,117.0,10264,268,120.0,1823,1.0,10028,176,30.0,172,31.0,10029,193,1.06,192,0.6,10031,221,1.0,222,680.0,10032,227,132.0,225,3534.0,10034,230,1.0,27,3975.0,10118,896,5125.0,899,1.0,10121,937,1.0,27,3975.0,10035,233,111.0,238,3752.0,10041,287,1.0,285,0.0
17,202005,10235,1625,100.0,27,3975.0,10177,27,3975.0,1257,10.0,10236,1626,1.0,27,3975.0,10179,1262,114.0,193,1.01,10177,1257,40.0,1256,1.0,10115,268,120.0,192,1.0,10265,1833,1.0,27,3975.0,10115,868,40.0,866,0.0,10265,1833,1.0,27,3975.0,10115,868,40.0,865,3.0,10265,1834,40.0,27,3975.0,10115,192,10.0,867,1.0,10265,1834,36.0,27,3975.0,10115,268,120.0,867,1.0,10265,1833,1.0,27,3975.0,10178,27,3975.0,1258,1.0,10179,1261,1.0,27,3975.0,10181,1265,0.0,0.0,0.0,10115,866,0.0,27,3975.0,10265,1834,6.0,27,3975.0,10115,27,3975.0,192,1.0,10265,1833,1.0,1834,4.0,10115,192,1.0,865,1.0,10265,1833,1.0,27,3975.0,10115,27,3975.0,268,120.0,10034,235,5228.0,27,3975.0,10208,860,380.0,27,3975.0,10177,1256,1.0,27,3975.0,10196,725,112.0,27,3975.0,10237,268,119.0,1627,1.0,10034,27,3975.0,230,1.0,10188,194,310.0,865,0.2,10240,1637,130.0,1635,1340.8,10266,1838,1.0,27,3975.0,10267,898,331.0,1840,35.0,10268,1847,1.0,27,3975.0,10236,1626,1.0,27,3975.0,10196,27,3975.0,1318,1.0,10269,1707,371.0,1398,0.0,10236,27,3975.0,1626,1.0,10270,1851,3850.0,27,3975.0,10271,268,532.0,1858,3810.0,10266,27,3975.0,1838,1.0,10034,233,110.0,231,3760.0,10267,898,330.0,1840,35.0,10236,1626,1.0,27,3975.0,10272,1848,383.0,1861,1.0,10236,1626,1.0,27,3975.0,10270,192,0.3,1840,20.0,10271,27,3975.0,1858,3810.0,10266,27,3975.0,1838,1.0,10267,898,331.0,1840,35.0,10236,1626,1.0,27,3975.0,10272,1848,383.0,1861,1.0,10236,1626,1.0,27,3975.0,10267,1843,3842.0,1845,3837.0,10236,27,3975.0,1626,1.0,10272,1861,1.0,27,3975.0,10236,27,3975.0,1626,1.0,10267,27,3975.0,1842,1.0,10236,27,3975.0,1626,1.0,10272,1861,1.0,1376,0.5,10236,27,3975.0,1626,1.0,10267,898,545.0,1840,7.0,10236,1626,1.0,27,3975.0,10272,1861,1.0,1376,0.5,10236,1626,1.0,27,3975.0,10267,1843,3842.0,1840,12.0,10240,1633,3825.0,1635,2070.0,10267,1840,78.0,1841,303.0,10240,1635,720.0,1637,78.0,10267,1843,3842.0,1845,3837.0,10236,27,3975.0,1626,1.0,10208,861,377.0,863,117.0,10236,27,3975.0,1626,1.0,10115,868,0.0,865,3.0,10265,27,3975.0,1834,0.0,10115,866,0.0,268,120.0,10265,1833,1.0,27,3975.0,10208,861,377.0,863,117.0,10181,1265,1.0,0.0,0.0,10115,27,3975.0,867,1.0,10273,27,3975.0,1871,1.0,10270,27,3975.0,1851,3850.0,10271,268,532.0,1860,1.0,10266,27,3975.0,1838,1.0,10267,1841,35.0,1845,3837.0,10268,27,3975.0,1847,1.0,10236,27,3975.0,1626,1.0,10269,914,331.0,916,331.0,10236,1626,1.0,27,3975.0,10270,1841,25.0,1840,25.0,10271,268,532.0,1858,3810.0,10266,27,3975.0,1838,1.0,10267,1842,1.0,27,3975.0,10236,27,3975.0,1626,1.0,10272,27,3975.0,1861,1.0,10236,1626,1.0,27,3975.0,10270,1841,35.0,1857,1.0,10271,268,532.0,1860,1.0,10266,1838,1.0,27,3975.0,10267,1842,0.0,1845,3837.0,10270,192,0.2,1840,36.0,10271,268,532.0,1860,1.0,10273,1871,1.0,27,3975.0,10035,233,130.0,238,3754.0,10034,233,112.0,231,3760.0,10035,233,230.0,238,3754.0,10186,1283,1.0,894,138.0,10240,1637,60.0,1635,540.0,10035,233,108.0,238,3754.0,10186,266,112.0,233,52.0,10240,1633,3825.0,1635,464.0,10274,1885,1.0,27,3975.0,10195,27,3975.0,285,0.0
5,202006,10126,736,20.0,959,4810.0,10125,736,100.0,956,4819.0,10127,964,1.0,962,4828.0,10128,969,92.0,973,1.0,10129,976,1.0,977,4846.0,10130,981,4855.0,980,1.0,10126,961,1.0,959,4810.0,10127,964,1.0,962,4828.0,10128,969,50.0,970,4837.0,10126,961,1.0,736,100.0,10130,983,515.0,969,174.8,10127,964,1.0,962,4828.0,10128,969,54.0,970,4837.0,10126,959,4810.0,736,80.0,10075,102,5483.0,656,1.0,10126,736,100.0,959,4810.0,10130,969,356.0,973,101.0,10126,961,1.0,959,4810.0,10127,964,1.0,962,4828.0,10128,968,1.0,965,105.0,10126,736,75.0,961,1.0,10130,966,375.0,967,430.0,10127,962,4828.0,964,1.0,10128,268,119.0,974,375.0,10126,961,1.0,959,4810.0,10130,967,490.0,974,415.0,10127,962,4828.0,964,1.0,10128,972,4.2,268,119.0,10126,736,100.0,959,4810.0,10129,977,4846.0,976,1.0,10130,983,519.0,980,1.0,10127,964,1.0,962,4828.0,10128,967,340.0,974,360.0,10129,976,1.0,977,4846.0,10130,967,390.0,966,370.0,10127,962,4828.0,964,1.0,10128,969,47.0,970,4837.0,10126,736,100.0,959,4810.0,10129,976,1.0,977,4846.0,10130,980,1.0,981,4855.0,10132,736,100.0,285,0.0
13,202006,10095,27,3975.0,25,1.0,10000,24,10.0,20,5.0,10042,25,1.0,27,3975.0,10086,746,0.0,745,0.0,10017,25,1.0,146,5365.0,10009,72,0.0,73,30.0,10096,25,1.0,27,3975.0,10086,27,3975.0,746,0.0,10001,31,1.0,27,3975.0,10099,27,3975.0,25,1.0,10001,29,100.0,31,1.0,10047,301,1.0,299,6198.0,10048,27,3975.0,25,1.0,10049,27,3975.0,25,1.0,10051,315,50.0,316,6144.0,10052,27,3975.0,338,1.0,10053,25,1.0,27,3975.0,10055,343,5527.0,27,3975.0,10058,27,3975.0,25,1.0,10005,43,6040.0,45,154.0,10154,1113,5729.0,25,1.0,10056,354,5253.0,350,126.0,10005,25,1.0,53,6136.0,10052,338,1.0,337,50.0,10124,954,1.0,27,3975.0,10105,25,1.0,27,3975.0,10145,25,1.0,27,3975.0,10111,27,3975.0,25,1.0,10022,27,3975.0,154,1.0
2,202006,10095,27,3975.0,25,1.0,10150,25,1.0,27,3975.0,10000,20,6.0,22,6.52,10042,27,3975.0,25,1.0,10017,27,3975.0,25,1.0,10009,68,20.0,70,6205.0,10096,27,3975.0,27,3975.0,10001,27,3975.0,31,1.0,10099,27,3975.0,25,1.0,10150,25,1.0,27,3975.0,10047,301,1.0,27,3975.0,10048,27,3975.0,25,1.0,10094,27,3975.0,25,1.0,10111,27,3975.0,25,1.0,10150,25,1.0,27,3975.0,10022,152,90.0,154,1.0
13,202006,10024,160,22.0,159,35.0,10025,27,3975.0,163,1.0,10026,27,3975.0,165,75.0,10275,27,3975.0,1906,1.0,10027,27,3975.0,166,3895.0,10028,172,20.0,176,19.0,10029,194,150.0,184,126.0,10030,206,35.0,27,3975.0,10031,221,0.0,27,3975.0,10032,227,132.0,225,3534.0,10118,27,3975.0,900,4137.0,10121,27,3975.0,937,1.0,10041,285,0.0,287,1.0
2,202006,10024,160,11.0,159,50.0,10026,165,1.0,27,3975.0,10196,725,112.0,1318,1.0,10197,27,3975.0,268,119.0,10183,1267,1.0,27,3975.0,10029,178,4173.0,186,1.0,10233,1601,1.0,27,3975.0,10029,193,1.01,192,1.2,10032,227,132.0,225,3534.0,10033,27,3975.0,229,1.0,10116,887,260.0,884,4367.0,10117,890,260.0,893,1.0,10036,245,55.0,247,55.0,10040,268,532.0,280,0.0,10276,1923,1.0,27,3975.0,10041,287,1.0,286,100.0
